Indice Question;Question;Indice Réponse n°1;Réponse n°1;Indice Réponse n°2;Réponse n°2
1;Question n°1;1;Réponse Questin n°1;3;Réponse Questin n°1
2;Question n°2;2;Réponse Questin n°2;2;Réponse Questin n°2
3;Question n°3;3;Réponse Questin n°3;3;Réponse Questin n°3
4;Question n°4;4;Réponse Questin n°4;4;Réponse Questin n°4
5;Question n°5;5;Réponse Questin n°5;5;Réponse Questin n°5
6;Question n°6;6;Réponse Questin n°6;6;Réponse Questin n°6
7;Question n°7;7;Réponse Questin n°7;7;Réponse Questin n°7
8;Question n°8;8;Réponse Questin n°8;8;Réponse Questin n°8
9;Question n°9;9;Réponse Questin n°9;9;Réponse Questin n°9
10;Question n°10;10;Réponse Questin n°10;10;Réponse Questin n°10
11;Question n°11;11;Réponse Questin n°11;11;Réponse Questin n°11
12;Question n°12;12;Réponse Questin n°12;12;Réponse Questin n°12
13;Question n°13;13;Réponse Questin n°13;13;Réponse Questin n°13
14;Question n°14;14;Réponse Questin n°14;14;Réponse Questin n°14
15;Question n°15;15;Réponse Questin n°15;15;Réponse Questin n°15
16;Question n°16;16;Réponse Questin n°16;16;Réponse Questin n°16
17;Question n°17;17;Réponse Questin n°17;17;Réponse Questin n°17
18;Question n°18;18;Réponse Questin n°18;18;Réponse Questin n°18
19;Question n°19;19;Réponse Questin n°19;19;Réponse Questin n°19
20;Question n°20;20;Réponse Questin n°20;20;Réponse Questin n°20
21;Question n°21;21;Réponse Questin n°21;21;Réponse Questin n°21
22;Question n°22;22;Réponse Questin n°22;22;Réponse Questin n°22
23;Question n°23;23;Réponse Questin n°23;23;Réponse Questin n°23
24;Question n°24;24;Réponse Questin n°24;24;Réponse Questin n°24
25;Question n°25;25;Réponse Questin n°25;25;Réponse Questin n°25
26;Question n°26;26;Réponse Questin n°26;26;Réponse Questin n°26
27;Question n°27;27;Réponse Questin n°27;27;Réponse Questin n°27
